reservoir_name,basin,agency_name,latest_date,storage,level,storage_percentage,full_reservoir_level,live_capacity_frl
ATAL SAGAR(MADIKHEDA),Ganga Basin,CWC,06.08.2026,0.489,339.700,58.52,346.250,0.835
Aliyar Reservoir,West flowing rivers from Tadri to Kanyakumari Basin,CWC,06.08.2026,0.000,300.990,0.00,320.040,0.095
Almatti Reservoir,Krishna Basin,CWC,06.08.2026,2.596,518.770,83.61,519.600,3.105
BARVI DAM,West flowing rivers from Tapi to Tadri Basin,CWC,06.08.2026,0.330,72.350,97.29,72.600,0.339
BHAMA ASKHED,Krishna Basin,CWC,06.08.2026,0.214,670.430,98.71,671.500,0.217
Balimela Reservoir,Godavari Basin,CWC,06.08.2026,0.469,445.070,17.53,462.080,2.676
Ban Sagar,Ganga Basin,CWC,06.08.2026,2.844,336.000,55.05,341.640,5.166
Bargi\Rani Avanti Bai Sagar,Narmada Basin,CWC,06.08.2026,1.493,415.750,46.95,422.760,3.180
Barna,Narmada Basin,CWC,06.08.2026,0.177,343.910,38.82,348.550,0.456
Bhadar Reservoir,West flowing rivers of Kutch and Saurashtra including Luni Basin,CWC,06.08.2026,0.046,103.230,24.35,107.890,0.188
Bhadra Reservoir,Krishna Basin,CWC,06.08.2026,1.008,651.864,56.44,657.760,1.785
Bhandardara,Godavari Basin,CWC,06.08.2026,0.295,744.360,97.07,744.910,0.304
Bhatghar,Krishna Basin,CWC,06.08.2026,0.673,623.280,100.00,623.280,0.673
Bhatsa,West flowing rivers from Tapi to Tadri Basin,CWC,06.08.2026,0.844,138.400,89.57,142.070,0.942
Bhima\Ujjani Reservoir,Krishna Basin,CWC,06.08.2026,1.499,496.775,98.80,496.830,1.517
Bisalpur,Ganga Basin,CWC,06.08.2026,0.715,313.560,66.45,352.810,1.076
Brahmani-I,West flowing rivers of Kutch and Saurashtra including Luni Basin,CWC,06.08.2026,0.056,64.620,79.28,64.620,0.071
CHANDAN DAM,Ganga Basin,CWC,06.08.2026,0.012,142.646,8.78,152.390,0.136
CHASKAMAN,Krishna Basin,CWC,06.08.2026,0.215,649.530,99.77,649.530,0.215
DARNA DAM,Godavari Basin,CWC,06.08.2026,0.177,570.570,87.62,571.500,0.202
DIMBHE DAM,Krishna Basin,CWC,06.08.2026,0.337,718.130,95.22,719.145,0.354
DONKARAYI,Godavari Basin,CWC,06.08.2026,0.260,311.414,69.23,316.080,0.376
Damanganga Reservoir,West flowing rivers from Tapi to Tadri Basin,CWC,06.08.2026,0.258,74.450,51.31,79.860,0.502
Dantiwada Reservoir,West flowing rivers of Kutch and Saurashtra including Luni Basin,CWC,06.08.2026,0.099,173.860,24.76,184.100,0.399
Dhom,Krishna Basin,CWC,06.08.2026,0.291,745.940,87.92,747.700,0.331
Doyang Hep,Brahamaputra Basin,CWC,06.08.2026,0.369,322.950,68.97,333.000,0.535
Dudhawa,Mahanadi Basin,CWC,06.08.2026,0.252,424.300,88.76,425.100,0.284
Dudhganga,Krishna Basin,CWC,06.08.2026,0.538,641.660,80.97,646.000,0.664
GETALSUD,Subernarekha,CWC,06.08.2026,0.150,587.900,68.79,590.060,0.218
Gandhi Sagar,Ganga Basin,CWC,06.08.2026,4.255,395.710,62.33,399.900,6.827
Gerusoppa Reservoir,West flowing rivers from Tadri to Kanyakumari Basin,CWC,06.08.2026,0.106,50.490,81.54,55.000,0.130
GhatPrabha\Hidkal Reservoir,Krishna Basin,CWC,06.08.2026,1.117,660.054,80.31,662.950,1.391
Girna Reservoir,Tapi Basin,CWC,06.08.2026,0.519,398.000,99.01,398.070,0.524
Gobind Sagar-Bhakra Reservoir,Indus (Up to border) Basin,CWC,06.08.2026,2.662,490.286,42.73,512.000,6.229
Gumti Reservoir,Barak and Others Basin,CWC,06.08.2026,0.278,92.800,89.10,93.550,0.312
HARIHARJHOR,Mahanadi Basin,CWC,06.08.2026,0.051,146.020,86.37,147.500,0.059
Harangi Reservoir,Cauvery Basin,CWC,06.08.2026,0.211,871.164,95.91,871.420,0.220
Hathmati,Sabarmati Basin,CWC,06.08.2026,0.094,178.840,61.53,180.740,0.153
Hemavathy Reservoir,Cauvery Basin,CWC,06.08.2026,0.706,887.992,76.16,890.630,0.927
Hirakud Reservoir,Mahanadi Basin,CWC,06.08.2026,2.211,187.280,41.11,192.020,5.378
Idamalayar Reservoir,West flowing rivers from Tadri to Kanyakumari Basin,CWC,06.08.2026,0.519,150.141,50.98,169.000,1.018
Idukki Reservoir,West flowing rivers from Tadri to Kanyakumari Basin,CWC,06.08.2026,0.660,716.414,45.20,732.430,1.460
Indira Sagar,Narmada Basin,CWC,06.08.2026,3.073,252.340,31.53,262.130,9.745
Isapur Reservoir,Godavari Basin,CWC,06.08.2026,0.600,437.080,62.13,441.000,0.965
JAISAMAND,Mahi Basin,CWC,06.08.2026,0.112,291.240,37.73,295.540,0.296
JAWAI DAM,West flowing rivers of Kutch and Saurashtra including Luni Basin,CWC,06.08.2026,0.041,303.850,21.24,313.400,0.193
Jayakwadi\Nath Sagar,Godavari Basin,CWC,06.08.2026,2.019,463.515,93.01,463.910,2.171
Jhakam Reservoir,Mahi Basin,CWC,06.08.2026,0.068,350.650,51.70,359.500,0.132
Jirgo Dam,Ganga Basin,CWC,06.08.2026,0.099,29.179,67.51,98.200,0.147
KADDAM (K.N.R.),Godavari Basin,CWC,06.08.2026,0.049,213.284,35.96,213.360,0.137
KANDALERU,East flowing rivers between Pennar and Kanyakumari Basin,CWC,06.08.2026,0.561,73.201,31.31,85.000,1.792
Kabini Reservoir,Cauvery Basin,CWC,06.08.2026,0.407,695.551,91.67,696.160,0.444
Kadana Reservoir,Mahi Basin,CWC,06.08.2026,0.577,120.700,39.17,127.700,1.472
Kakki Reservoir,West flowing rivers from Tadri to Kanyakumari Basin,CWC,06.08.2026,0.241,966.594,53.91,981.460,0.447
Kallada Reservoir,West flowing rivers from Tadri to Kanyakumari Basin,CWC,06.08.2026,0.252,104.269,49.70,115.820,0.507
Kanher Dam,Krishna Basin,CWC,06.08.2026,0.254,689.800,93.37,690.780,0.272
Karjan Reservoir,Narmada Basin,CWC,06.08.2026,0.344,108.830,65.84,115.250,0.523
Khadakwasla Reservoir,Krishna Basin,CWC,06.08.2026,0.056,582.470,99.84,582.470,0.056
Kolar,Narmada Basin,CWC,06.08.2026,0.157,455.620,58.08,462.200,0.270
Koyana/Shivaji Sagar,Krishna Basin,CWC,06.08.2026,2.480,656.460,93.51,657.900,2.652
Krishnaraja Sagar,Cauvery Basin,CWC,06.08.2026,0.549,746.729,47.21,752.500,1.163
Lower Bhawani \ Bhavanisagar Reservoir,Cauvery Basin,CWC,06.08.2026,0.188,266.087,23.74,278.890,0.792
Lower Manair\G.V.Sudhakar Rao Reservoir,Godavari Basin,CWC,06.08.2026,0.162,271.043,26.10,280.420,0.621
MANDIRA DAM,Brahmani and Baitarni Basin,CWC,06.08.2026,0.088,207.020,28.58,210.312,0.309
MAUDAHA,Ganga Basin,CWC,06.08.2026,0.047,143.150,26.26,147.800,0.179
MEJA,Ganga Basin,CWC,06.08.2026,0.205,52.898,68.65,178.000,0.299
MUSI PROJECT,Krishna Basin,CWC,06.08.2026,0.079,194.680,64.23,196.600,0.123
Machhu I,West flowing rivers of Kutch and Saurashtra including Luni Basin,CWC,06.08.2026,0.037,132.870,52.48,135.330,0.071
Machhu II,West flowing rivers of Kutch and Saurashtra including Luni Basin,CWC,06.08.2026,0.084,57.300,92.42,57.300,0.091
Machkund\Jalaput Reservoir,Godavari Basin,CWC,06.08.2026,0.299,829.040,33.44,838.160,0.893
Mahanadi\Ravishankar Sagar,Mahanadi Basin,CWC,06.08.2026,0.611,346.990,79.70,348.700,0.767
Mahi Bajaj Sagar,Mahi Basin,CWC,06.08.2026,0.769,272.000,44.92,280.750,1.711
Malampuzha,West flowing rivers from Tadri to Kanyakumari Basin,CWC,06.08.2026,0.086,107.730,38.39,115.060,0.224
Malaprabha Reservoir,Krishna Basin,CWC,06.08.2026,0.332,628.726,34.20,633.830,0.972
Manikdoh,Krishna Basin,CWC,06.08.2026,0.207,706.410,71.86,711.250,0.288
Matatila Reservoir,Ganga Basin,CWC,06.08.2026,0.186,303.400,26.24,308.460,0.707
Mettur Reservoir,Cauvery Basin,CWC,06.08.2026,1.069,227.271,40.38,240.790,2.647
Minimata Bangoi\Hasdeo Reservoir,Mahanadi Basin,CWC,06.08.2026,2.460,357.100,80.77,359.660,3.046
Mula Reservoir,Godavari Basin,CWC,06.08.2026,0.491,550.000,80.60,552.300,0.609
Mulshi Dam,Krishna Basin,CWC,06.08.2026,0.516,605.940,90.24,607.100,0.572
NANAK SAGAR,Ganga Basin,CWC,06.08.2026,0.046,211.350,26.08,215.190,0.176
Nagarjuna Sagar,Krishna Basin,CWC,06.08.2026,0.161,156.450,3.15,179.830,5.108
Narayanapura Reservoir,Krishna Basin,CWC,06.08.2026,0.405,491.300,46.93,492.250,0.863
Niradevghar,Krishna Basin,CWC,06.08.2026,0.325,666.600,97.89,667.100,0.332
Nizam sagar,Godavari Basin,CWC,06.08.2026,0.283,426.315,58.65,428.240,0.482
PANSHET(TANAJISAGAR),Krishna Basin,CWC,06.08.2026,0.302,636.270,100.00,636.270,0.302
PRIYADARSHINI JURALA,Krishna Basin,CWC,06.08.2026,0.110,317.480,65.48,318.516,0.168
Panam Reservoir,Mahi Basin,CWC,06.08.2026,0.310,123.200,44.44,127.410,0.697
Parambikulam Reservoir,West flowing rivers from Tadri to Kanyakumari Basin,CWC,06.08.2026,0.141,543.824,37.10,556.260,0.380
Pench\Totladoh Reservoir,Godavari Basin,CWC,06.08.2026,1.017,484.860,93.21,490.000,1.091
Periyar Reservoir,West flowing rivers from Tadri to Kanyakumari Basin,CWC,06.08.2026,0.068,862.542,39.31,867.410,0.173
Pong Reservoir,Indus (Up to border) Basin,CWC,06.08.2026,2.892,409.940,46.97,423.670,6.157
RAJGHAT DAM,Ganga Basin,CWC,06.08.2026,1.080,366.400,55.53,370.890,1.945
RANGAWAN,Ganga Basin,CWC,06.08.2026,0.025,224.610,15.81,233.170,0.155
RIHAND RESERVOIR,Ganga Basin,CWC,06.08.2026,1.551,78.690,27.46,268.220,5.649
Ramganga Reservoir,Ganga Basin,CWC,06.08.2026,0.878,343.940,39.99,365.300,2.196
Ranapratap Sagar,Ganga Basin,CWC,06.08.2026,0.515,347.390,35.87,352.810,1.436
Rengali Reservoir,Brahmani and Baitarni Basin,CWC,06.08.2026,2.843,120.650,82.85,123.500,3.432
SATHANUR,East flowing rivers between Pennar and Kanyakumari Basin,CWC,06.08.2026,0.061,212.498,29.47,222.200,0.207
SIRSI,Ganga Basin,CWC,06.08.2026,0.099,214.200,51.94,217.930,0.190
SURYA,West flowing rivers from Tapi to Tadri Basin,CWC,06.08.2026,0.207,113.500,75.11,118.600,0.276
Sabarmati Reservoir,Sabarmati Basin,CWC,06.08.2026,0.324,184.735,44.09,189.590,0.735
Salandi Reservoir,Brahmani and Baitarni Basin,CWC,06.08.2026,0.557,79.000,99.73,82.300,0.558
Sanjay Sarovar (Upper Wainganga),Godavari Basin,CWC,06.08.2026,0.288,516.750,56.75,519.380,0.508
Sapua,Mahanadi Basin,CWC,06.08.2026,0.006,168.540,100.00,168.500,0.006
Sardar Sarovar,Narmada Basin,CWC,06.08.2026,3.898,132.700,67.67,138.680,5.760
Sharda Sagar,Ganga Basin,CWC,06.08.2026,0.092,184.267,28.03,190.500,0.330
Shetrunji Reservoir,West flowing rivers of Kutch and Saurashtra including Luni Basin,CWC,06.08.2026,0.300,55.530,100.00,55.530,0.300
Sholayar Reservoir,West flowing rivers from Tadri to Kanyakumari Basin,CWC,06.08.2026,0.061,983.452,42.66,1002.790,0.143
Singur,Godavari Basin,CWC,06.08.2026,0.118,515.170,14.38,523.600,0.822
Somasila Reservoir,Pennar Basin,CWC,06.08.2026,0.540,90.574,27.08,100.580,1.994
Sriram Sagar,Godavari Basin,CWC,06.08.2026,1.080,328.361,46.97,332.540,2.300
Srisailam Reservoir,Krishna Basin,CWC,06.08.2026,3.819,264.930,63.51,269.750,6.013
Sukhi Tank,Narmada Basin,CWC,06.08.2026,0.135,146.600,80.59,147.820,0.167
TANDULA,Mahanadi Basin,CWC,06.08.2026,0.214,330.130,68.73,332.200,0.312
TILLARI,West flowing rivers from Tapi to Tadri Basin,CWC,06.08.2026,0.375,108.530,83.99,113.200,0.447
Tawa Reservoir,Narmada Basin,CWC,06.08.2026,0.457,344.000,23.51,355.400,1.944
Tehri Reservoir,Ganga Basin,CWC,06.08.2026,1.561,804.800,59.70,830.000,2.615
Thokarwadi,Krishna Basin,CWC,06.08.2026,0.340,666.690,96.18,667.140,0.353
Tungabhadra Reservoir,Krishna Basin,CWC,06.08.2026,1.680,494.148,51.29,497.740,3.276
Ukai Reservoir,Tapi Basin,CWC,06.08.2026,4.967,101.977,75.09,105.160,6.615
Und I,West flowing rivers of Kutch and Saurashtra including Luni Basin,CWC,06.08.2026,0.002,90.730,2.32,98.000,0.066
Upper Indrawati Reservoir,Godavari Basin,CWC,06.08.2026,0.604,633.290,41.48,642.000,1.456
Upper Kolab Reservoir,Godavari Basin,CWC,06.08.2026,0.276,849.980,29.49,858.000,0.935
Upper Tapi\Hatnur Reservoir,Tapi Basin,CWC,06.08.2026,0.108,211.120,42.27,214.000,0.255
Upper Vaitarana Reservoir,West flowing rivers from Tapi to Tadri Basin,CWC,06.08.2026,0.284,602.010,85.81,603.500,0.331
Upper Wardha Reservoir,Godavari Basin,CWC,06.08.2026,0.316,339.340,56.03,342.500,0.564
Urmodi,Krishna Basin,CWC,06.08.2026,0.253,694.690,92.59,696.000,0.273
VEER DAM,Krishna Basin,CWC,06.08.2026,0.260,579.640,97.70,579.850,0.266
Vagai Reservoir,East flowing rivers between Pennar and Kanyakumari Basin,CWC,06.08.2026,0.016,267.981,9.30,279.200,0.172
Vanivilasa Sagar,Krishna Basin,CWC,06.08.2026,0.608,649.696,75.81,652.280,0.802
Watrak,Sabarmati Basin,CWC,06.08.2026,0.056,132.480,36.62,136.250,0.154
Yeldari Reservoir,Godavari Basin,CWC,06.08.2026,0.479,458.200,59.22,461.770,0.809
Yeleru,East flowing rivers between Mahanadi and Pennar Basin,CWC,06.08.2026,0.077,75.670,15.16,86.560,0.508
KHANDONG,Brahmaputra Basin,CWC,06.08.2026,0.139,722.350,77.35,725.000,0.180
Kangsabati Reservoir,Ganga Basin,CWC,06.08.2026,0.339,128.630,37.09,134.140,0.914
Kol Dam,Indus (Up to border) Basin,CWC,06.08.2026,0.032,638.140,35.53,642.000,0.089
Konar Reservoir,Ganga Basin,CWC,06.08.2026,0.058,417.987,32.95,425.810,0.176
Linganamakki Reservoir,West flowing rivers from Tadri to Kanyakumari Basin,CWC,06.08.2026,1.973,545.043,45.95,554.430,4.294
Maithon Reservoir,Ganga Basin,CWC,06.08.2026,0.237,142.100,50.32,146.300,0.471
Mani Dam,West flowing rivers from Tadri to Kanyakumari Basin,CWC,06.08.2026,0.408,583.980,46.20,594.360,0.884
Mayurakshi\Masanjor Reservoir,Ganga Basin,CWC,06.08.2026,0.169,115.778,30.78,121.310,0.549
Omkareshwar,Narmada Basin,CWC,06.08.2026,0.075,194.640,25.08,196.600,0.299
Panchat Reservoir,Ganga Basin,CWC,06.08.2026,0.106,123.230,57.61,124.970,0.184
Supa Reservoir,West flowing rivers from Tapi to Tadri Basin,CWC,06.08.2026,2.023,543.470,49.10,564.000,4.120
Tattihalla,West flowing rivers from Tapi to Tadri Basin,CWC,06.08.2026,0.034,455.190,13.58,468.300,0.249
Tenughat Reservoir,Ganga Basin,CWC,06.08.2026,0.219,257.980,26.68,269.140,0.821
Thein\Ranjit Sagar,Indus (Up to border) Basin,CWC,06.08.2026,1.172,511.210,50.00,527.910,2.344
Tilaiya Reservoir,Ganga Basin,CWC,06.08.2026,0.033,365.190,23.24,368.810,0.142
UMRONG,Brahmaputra Basin,CWC,06.08.2026,0.130,609.000,81.91,609.600,0.159